-- phpMyAdmin SQL Dump
-- version 5.0.2
-- https://www.phpmyadmin.net/
--
-- Host: 127.0.0.1:3306
-- Generation Time: Feb 02, 2022 at 12:54 PM
-- Server version: 5.7.31
-- PHP Version: 7.4.9

SET SQL_MODE = "NO_AUTO_VALUE_ON_ZERO";
START TRANSACTION;
SET time_zone = "+00:00";


/*!40101 SET @OLD_CHARACTER_SET_CLIENT=@@CHARACTER_SET_CLIENT */;
/*!40101 SET @OLD_CHARACTER_SET_RESULTS=@@CHARACTER_SET_RESULTS */;
/*!40101 SET @OLD_COLLATION_CONNECTION=@@COLLATION_CONNECTION */;
/*!40101 SET NAMES utf8mb4 */;

--
-- Database: `tec`
--

-- --------------------------------------------------------

--
-- Table structure for table `course`
--

DROP TABLE IF EXISTS `course`;
CREATE TABLE IF NOT EXISTS `course` (
  `course_id` varchar(10) NOT NULL,
  `course_code` varchar(10) NOT NULL,
  `course_name` varchar(100) NOT NULL,
  `trade_name` varchar(100) NOT NULL,
  `course_type` varchar(10) NOT NULL,
  `batch` int(3) NOT NULL,
  `duration` varchar(10) NOT NULL,
  `nvq_level` int(2) NOT NULL,
  PRIMARY KEY (`course_id`)
) ENGINE=MyISAM DEFAULT CHARSET=utf8;

--
-- Dumping data for table `course`
--

INSERT INTO `course` (`course_id`, `course_code`, `course_name`, `trade_name`, `course_type`, `batch`, `duration`, `nvq_level`) VALUES
('CID01', 'BSC 04', 'National Certificate For Accounting Technician', 'Finance Banking & Management', 'Full time', 1, '12 Months', 4),
('CID02', 'BSC 06', 'National Certificate In Secretarial Practice (English)', 'Office Management', 'Full time', 1, '12 Months', 4),
('CID03', 'D29S002', 'Refrigeration & Air Conditioning Technician', 'Refrigeration & Air Conditioning', 'Full time', 2, '12 Months', 4),
('CID04', 'ECC 01', 'National Certificate For Construction Site Supervisor', 'Building & Construction', 'Full time', 1, '12 Months', 4),
('CID05', 'ECC 02', 'NCECP (Gas & Arc Welder) ', 'Metal And Light Engineering', 'Full time', 1, '12 Months', 4),
('CID06', 'ECC 05', 'NCECP (Refrigeration & Air Conditioning Mechanic)', 'Refrigeration & Air Conditioning', 'Full time', 1, '12 Months', 4),
('CID07', 'ECC 06', 'NCECP (Wood Machinist)', 'Wood Related', 'Full time', 1, '12 Months', 4),
('CID08', 'ECC 08', 'NCECP (Electronics) ', 'Electrical,Electronics & Telecommunication', 'Full time', 1, '24 Months', 4),
('CID09', 'ECC 09', 'NCECP (Plumber) ', 'Building & Construction', 'Full time', 1, '12 Months', 4),
('CID10', 'ECC 10', 'NCECP (Fitter Machinist)', 'Metal And Light Engineering', 'Full time', 1, '24 Months', 4),
('CID11', 'ECC 12', 'Information and Communication Technology Technician ', 'Information Communication & Multimedia Technology', 'Full time', 1, '6 Months', 4),
('CID12', 'ECC 13', 'NCECP (Industrial Electrician)', 'Electrical,Electronics & Telecommunication', 'Full time', 1, '24 Months', 4),
('CID13', 'ECC 14', 'NCECP (Construction Craftsman) ', 'Building & Construction', 'Full time', 1, '12 Months', 4),
('CID14', 'ECC 18', 'NCECP (Motor Vehicle Mechanic) ', 'Automobile Repair And Maintenance ', 'Full time', 1, '24 Months', 4),
('CID15', 'ECC 31', 'Computer Graphic Designer', 'Information Communication & Multimedia Technology', 'Full time', 1, '6 Months', 4),
('CID16', 'ECC 59', 'Automobile Mechanic', 'Automobile Repair And Maintenance ', 'Full time', 1, '18 Months', 4),
('CID17', 'ECS 22', 'Quantity Surveying Assistant', 'Building & Construction', 'Full time', 1, '6 Months', 4),
('CID18', 'ECS 27', 'Automobile Electrician', 'Automobile Repair And Maintenance ', 'Full time', 1, '6 Months', 3),
('CID19', 'ETC 05', 'National Certificate In Engineering Draughtsmanship ', 'Building & Construction', 'Full time', 1, '12 Months', 4),
('CID20', 'F45S007', 'Quantity Surveying Assistant', 'Building & Construction', 'Full time', 2, '6 Months', 4),
('CID21', 'G50S002', 'Automobile Electrician', 'Automobile Repair And Maintenance ', 'Full time', 2, '6 Months', 3),
('CID22', 'O92S001', 'Landscape Development Assistant', 'Building & Construction', 'Full time', 1, '6 Months', 4),
('CID23', 'ECC 12.1', 'Information and Communication Technology Technician ', 'Information Communication & Multimedia Technology', 'Part time', 1, '12 Months', 4);

-- --------------------------------------------------------

--
-- Table structure for table `result`
--

DROP TABLE IF EXISTS `result`;
CREATE TABLE IF NOT EXISTS `result` (
  `no` int(11) NOT NULL AUTO_INCREMENT,
  `index_no` int(10) NOT NULL,
  `subject_id` varchar(10) NOT NULL,
  `results` varchar(3) NOT NULL,
  PRIMARY KEY (`no`)
) ENGINE=MyISAM AUTO_INCREMENT=122 DEFAULT CHARSET=utf8;

--
-- Dumping data for table `result`
--

INSERT INTO `result` (`no`, `index_no`, `subject_id`, `results`) VALUES
(1, 21160, 'BC220', 'P'),
(2, 21160, 'BC221', 'P'),
(3, 21160, 'BC222', 'D'),
(4, 21160, 'BC223', 'M'),
(5, 21160, 'BC224', 'D'),
(6, 21160, 'BC225', 'P'),
(7, 21160, 'BC226', 'M'),
(8, 21160, 'BC227', 'C'),
(9, 21160, 'BC228', 'M'),
(10, 21160, 'BC229', 'M'),
(11, 21160, 'BC230', 'C'),
(12, 21161, 'BC220', 'C'),
(13, 21161, 'BC221', 'P'),
(14, 21161, 'BC222', 'C'),
(15, 21161, 'BC223', 'C'),
(16, 21161, 'BC224', 'M'),
(17, 21161, 'BC225', 'M'),
(18, 21161, 'BC226', 'D'),
(19, 21161, 'BC227', 'C'),
(20, 21161, 'BC228', 'C'),
(21, 21161, 'BC229', 'M'),
(22, 21161, 'BC230', 'M'),
(23, 21162, 'BC220', 'P'),
(24, 21162, 'BC221', 'C'),
(25, 21162, 'BC222', 'C'),
(26, 21162, 'BC223', 'M'),
(27, 21162, 'BC224', 'M'),
(28, 21162, 'BC225', 'D'),
(29, 21162, 'BC226', 'C'),
(30, 21162, 'BC227', 'C'),
(31, 21162, 'BC228', 'M'),
(32, 21162, 'BC229', 'M'),
(33, 21162, 'BC230', 'P'),
(34, 21163, 'BC220', 'P'),
(35, 21163, 'BC221', 'F'),
(36, 21163, 'BC222', 'C'),
(37, 21163, 'BC223', 'D'),
(38, 21163, 'BC224', 'P'),
(39, 21163, 'BC225', 'D'),
(40, 21163, 'BC226', 'M'),
(41, 21163, 'BC227', 'M'),
(42, 21163, 'BC228', 'P'),
(43, 21163, 'BC229', 'C'),
(44, 21163, 'BC230', 'M'),
(45, 21164, 'BC220', 'P'),
(46, 21164, 'BC221', 'P'),
(47, 21164, 'BC222', 'P'),
(48, 21164, 'BC223', 'D'),
(49, 21164, 'BC224', 'P'),
(50, 21164, 'BC225', 'P'),
(51, 21164, 'BC226', 'C'),
(52, 21164, 'BC227', 'P'),
(53, 21164, 'BC228', 'D'),
(54, 21164, 'BC229', 'M'),
(55, 21164, 'BC230', 'M'),
(56, 21165, 'BC220', 'M'),
(57, 21165, 'BC221', 'P'),
(58, 21165, 'BC222', 'C'),
(59, 21165, 'BC223', 'C'),
(60, 21165, 'BC224', 'M'),
(61, 21165, 'BC225', 'P'),
(62, 21165, 'BC226', 'D'),
(63, 21165, 'BC227', 'P'),
(64, 21165, 'BC228', 'D'),
(65, 21165, 'BC229', 'M'),
(66, 21165, 'BC230', 'C'),
(67, 21166, 'BC220', 'M'),
(68, 21166, 'BC221', 'M'),
(69, 21166, 'BC222', 'M'),
(70, 21166, 'BC223', 'P'),
(71, 21166, 'BC224', 'C'),
(72, 21166, 'BC225', 'D'),
(73, 21166, 'BC226', 'C'),
(74, 21166, 'BC227', 'P'),
(75, 21166, 'BC228', 'M'),
(76, 21166, 'BC229', 'D'),
(77, 21166, 'BC230', 'P'),
(78, 21167, 'BC220', 'C'),
(79, 21167, 'BC221', 'M'),
(80, 21167, 'BC222', 'P'),
(81, 21167, 'BC223', 'D'),
(82, 21167, 'BC224', 'D'),
(83, 21167, 'BC225', 'P'),
(84, 21167, 'BC226', 'C'),
(85, 21167, 'BC227', 'M'),
(86, 21167, 'BC228', 'M'),
(87, 21167, 'BC229', 'M'),
(88, 21167, 'BC230', 'M'),
(89, 21168, 'BC220', 'M'),
(90, 21168, 'BC221', 'D'),
(91, 21168, 'BC222', 'C'),
(92, 21168, 'BC223', 'M'),
(93, 21168, 'BC224', 'M'),
(94, 21168, 'BC225', 'P'),
(95, 21168, 'BC226', 'D'),
(96, 21168, 'BC227', 'D'),
(97, 21168, 'BC228', 'M'),
(98, 21168, 'BC229', 'D'),
(99, 21168, 'BC230', 'C'),
(100, 21169, 'BC220', 'C'),
(101, 21169, 'BC221', 'P'),
(102, 21169, 'BC222', 'D'),
(103, 21169, 'BC223', 'P'),
(104, 21169, 'BC224', 'D'),
(105, 21169, 'BC225', 'D'),
(106, 21169, 'BC226', 'C'),
(107, 21169, 'BC227', 'M'),
(108, 21169, 'BC228', 'C'),
(109, 21169, 'BC229', 'D'),
(110, 21169, 'BC230', 'C'),
(111, 21170, 'BC220', 'D'),
(112, 21170, 'BC221', 'M'),
(113, 21170, 'BC222', 'P'),
(114, 21170, 'BC223', 'P'),
(115, 21170, 'BC224', 'P'),
(116, 21170, 'BC225', 'C'),
(117, 21170, 'BC226', 'P'),
(118, 21170, 'BC227', 'M'),
(119, 21170, 'BC228', 'C'),
(120, 21170, 'BC229', 'C'),
(121, 21170, 'BC230', 'D');

-- --------------------------------------------------------

--
-- Table structure for table `student`
--

DROP TABLE IF EXISTS `student`;
CREATE TABLE IF NOT EXISTS `student` (
  `index_no` int(10) NOT NULL,
  `name` varchar(200) NOT NULL,
  `nic` varchar(15) NOT NULL,
  `gender` varchar(8) NOT NULL,
  `address` varchar(200) NOT NULL,
  `telephone` int(11) NOT NULL,
  `dob` date NOT NULL,
  `training_no` varchar(40) NOT NULL,
  `course_code` varchar(10) NOT NULL,
  `batch` int(3) NOT NULL,
  `dropout` varchar(5) NOT NULL DEFAULT 'No',
  PRIMARY KEY (`index_no`)
) ENGINE=MyISAM DEFAULT CHARSET=utf8;

--
-- Dumping data for table `student`
--

INSERT INTO `student` (`index_no`, `name`, `nic`, `gender`, `address`, `telephone`, `dob`, `training_no`, `course_code`, `batch`, `dropout`) VALUES
(21121, 'Thennakoon Mudiyanselage Roshini Madushani', '200185603270', 'Female', '11/1, Ikiriyagoda, Kehelpotha, Mahiyanganaya', 702940412, '2001-12-21', 'BA/21/BSC04/1/0017', 'BSC 04', 1, 'Yes'),
(21122, 'Mohan Michael Robertson', '970101594V', 'Male', '119/B, Hospital Road, Wewathenna, Bandarawela.', 776533820, '1997-01-10', 'BA/21/BSC04/1/0015', 'BSC 04', 1, 'No'),
(21123, 'Mandadige Channa Charith Aththanayaka', '200201104270', 'Male', '149/112,Deiyannewla,Badulla', 714121636, '2002-01-11', 'BA/21/BSC04/1/0006', 'BSC 04', 1, 'Yes'),
(21124, 'Dissanayaka Mudiyanselage Asanka Sewwandi Yapa', '200166202392', 'Female', '20, Kosgolla Pathana, Uva Deegalla, Hali Ela', 768118962, '2001-06-10', 'BA/21/BSC04/1/0016', 'BSC 04', 1, 'No'),
(21125, 'Rathnayaka Mudiyanselage Gayani Tharuka ', '200170303668', 'Female', '213 / 38,Mahiyangana Para,Puwakgoda Mulla,Badulla', 784550141, '2001-07-21', 'BA/21/BSC04/1/0005', 'BSC 04', 1, 'No'),
(21126, 'Aththanayake Mudiyanselage Shamila Maheshi', '997710886V', 'Female', '313/29, Ridipana, Badulla.', 555732428, '1999-09-27', 'BA/21/BSC04/1/0022', 'BSC 04', 1, 'No'),
(21127, 'Rathnayaka Mudiyanselage Prabath Rathnayaka', '981343590V', 'Male', 'Mudunpitawaththa,Dikkapitiya,Welimada', 768858527, '1998-05-13', 'BA/21/BSC04/1/0013', 'BSC 04', 1, 'No'),
(21128, 'Rathnayaka Mudiyanselage Nayomi Prayadarshani Jayantha', '200067500619', 'Female', 'No;186,Madmali,Batawala,Pattya Gedara', 715279795, '2000-06-23', 'BA/21/BSC04/1/0011', 'BSC 04', 1, 'Yes'),
(21129, 'Weerathunga Mudiyanselage Naduni Nimesha', '200072200214', 'Female', 'Pahamunuthota, Etampitiya', 744951551, '2000-08-09', 'BA/21/BSC04/1/0018', 'BSC 04', 1, 'No'),
(21130, 'Hapuhinne Daradakumbure Dissanayaka Mudiyanselage Prabhashi Nawodya', '200082700240', 'Female', 'Pansalpura Amunuwala Ambagasdowa', 762876872, '2000-11-22', 'BA/21/BSC04/1/0001', 'BSC 04', 1, 'No'),
(21131, 'Weerasingha Mudiyanselage Niranjala Udayangani', '200157700592', 'Female', 'Rukkaththana Niwasa,Pattipola,Hali Ela', 781264433, '2001-03-17', 'BA/21/BSC04/1/0007', 'BSC 04', 1, 'Yes'),
(21132, 'Ranasinha Mudiyanselge Sanduni Lakshika Madhushani Rathnayake', '200152700042', 'Female', 'Shantha Niwasa,Pahalawathenna,Polgahaarawa ,Arawa,Badulla ', 755388437, '2001-01-27', 'BA/21/BSC04/1/0002', 'BSC 04', 1, 'No'),
(21133, 'Samarakoon Mudiyanselage Sachini Nisansala Bandara', '997151798V', 'Female', '\"Achala Niwasa\", Kudumirisketiya, Arawapara, Meegahakiula.', 770394713, '1999-08-02', 'BA/21/BSC06/1/0019', 'BSC 06', 1, 'No'),
(21134, 'Dissanayaka Mudiyanselage Sithmi Thimali Dilsara Dissanayaka', '200153903276', 'Female', '121, Millagaswatta, Hambawela, Badulla.', 702870087, '2001-02-08', 'BA/21/BSC06/1/0002', 'BSC 06', 1, 'No'),
(21135, 'Rajawasam Wellala Hettige Jayani Bhagya', '200078000890', 'Female', '179, Higurugamuwa Road, Badulla.', 783575215, '2000-10-06', 'BA/21/BSC06/1/0014', 'BSC 06', 1, 'No'),
(21136, 'Dissanayaka Mudiyanselage Nimalsha Nimnadi', '200154303529', 'Female', '20/17, Gunawardhana Road, Badulla', 716484551, '2001-02-12', 'BA/21/BSC06/1/0003', 'BSC 06', 1, 'No'),
(21137, 'Ramachandaran Darshika', '200174704117', 'Female', '24/8,Kadhireshan ,Kovil,Laneagartenna,Passara', 760040622, '2001-09-03', 'BA/21/BSC06/1/0010', 'BSC 06', 1, 'No'),
(21138, 'Galappaththilage Ishara Dilhani Dharmasena', '200074803770', 'Female', 'Galkotuwe Gedara, Nagolla, Kuttiyagolla, Badulla ', 760315837, '2000-09-04', 'BA/21/BSC06/1/0012', 'BSC 06', 1, 'No'),
(21139, 'Rathnayake Mudiyanselage Navodani Dilhani', '200158901900', 'Female', 'Iluk Liyangoda,Udugama,Passara', 779657642, '2001-03-29', 'BA/21/BSC06/1/0009', 'BSC 06', 1, 'No'),
(21140, 'Widyarathne Ganithayalage Achinthya Isuri Wijerathne', '997210891V', 'Female', 'Madapathane Gedara, Landewela, Hali Ela', 702545846, '1999-08-08', 'BA/21/BSC06/1/0020', 'BSC 06', 1, 'No'),
(21141, 'Karunarathna Mudiyanselage Ishini Kavindya', '200153200546', 'Female', 'No. 10/3, Weeriyapura, Badulla.', 762316898, '2001-02-01', 'BA/21/BSC06/1/0013', 'BSC 06', 1, 'No'),
(21142, 'Kasirathna Panamestrilage Kalani Priyangika ', '997930886V', 'Female', 'No. 12, Rabukpotha, Passara Road, Badulla', 718454848, '1999-10-19', 'BA/21/BSC06/1/0016', 'BSC 06', 1, 'No'),
(21143, 'Lankathilaka Jayasundara Mudiyanselage Dhanushika Priyadarshani', '986151745V', 'Female', 'No. 31/1, Dalukhinna, Badulla.', 555681162, '1998-04-24', 'BA/21/BSC06/1/0008', 'BSC 06', 1, 'No'),
(21144, 'Shehani Razeekin', '200174502490', 'Female', 'Noorani Villa, No : 26, Mosque Road, Badulla ', 770640250, '2001-09-01', 'BA/21/BSC06/1/0005', 'BSC 06', 1, 'No'),
(21145, 'Rathnayake Mudiyanselage Chandeepani Madushika', '200164602549', 'Female', 'Rathna, Niwasa,Elelanda, Kotamuduna,Passara', 715885992, '2001-05-25', 'BA/21/BSC06/1/0007', 'BSC 06', 1, 'No'),
(21146, 'Thuwan Shasna Razekeen', '200179602626', 'Female', 'Vidyala Mawatha, Nawa Janapadaya, Palgahathanna.', 705848772, '2001-10-22', 'BA/21/BSC06/1/0017', 'BSC 06', 1, 'No'),
(21147, 'Mohamed Kamaldeen Mohamed Irfan', '200502003544', 'Male', '10, Karunapura, Badulla', 762984412, '2005-01-20', 'BA/21/D29S002/2/0001', 'D29S002', 2, 'No'),
(21148, 'Thuwan Hafil Rahuman Hafil', '200432104018', 'Male', '14/7, Galkanda, Badulla', 769064888, '2004-11-16', 'BA/21/D29S002/2/0008', 'D29S002', 2, 'No'),
(21149, 'Dhanapala Mudiyanselage Malith Pabasara Dhanapala', '200133600346', 'Male', '15/1, Nawajanapadaya, Palgahathanna', 704296060, '2001-12-01', 'BA/21/D29S002/2/0002', 'D29S002', 2, 'No'),
(21150, 'Srithar Loshan', '200303911037', 'Male', '17/4, Badulusirigama, Badulla', 700905447, '2003-02-08', 'BA/21/D29S002/2/0017', 'D29S002', 2, 'No'),
(21151, 'Ramees Ubaidan', '200414001546', 'Male', '56/3, Badulupitiya, Badulla', 782594600, '2004-05-19', 'BA/21/D29S002/2/0011', 'D29S002', 2, 'No'),
(21152, 'Thuwan Arfeen Shehan Buhar', '200318711776', 'Male', '7/8, Arumadowa, Passara', 771484895, '2003-07-05', 'BA/21/D29S002/2/0007', 'D29S002', 2, 'No'),
(21153, 'Malaviarachchilage Eshan Pasindu Rashmika', '041481001M', 'Male', 'Dharmasiri Niwasa, Perapawa,Badulla', 767346315, '2004-05-27', 'BA/21/D29S002/2/0016', 'D29S002', 2, 'No'),
(21154, 'Rathnayake Mudiyanselage Dhanushka', '991890025V', 'Male', 'Gunasiri Niwasa, Medagama, Rilpola, Badulla.', 555735153, '1999-07-07', 'BA/21/D29S002/2/0010', 'D29S002', 2, 'No'),
(21155, 'Thuwan Nadeer Rashik', '200107701426', 'Male', 'No ; 82 / 1,Nuwaraeliya Para,Abawaka,Hali Ela', 781388528, '2001-03-17', 'BA/21/ECC05/1/0001', 'D29S002', 1, 'No'),
(21156, 'Ramzi Mohamed Mohamed Rislan', '200431304340', 'Male', 'No 76 Pahala Gama Badulla', 774132282, '2004-11-08', 'BA/21/G50S002/2/0006', 'D29S002', 2, 'No'),
(21157, 'Layanal Kumara Pathiranage Irosha Dilshan', '200427804651', 'Male', 'Puwakgaskotuwa, Wakada, Kirioruwa, Kandegedara, Hali Ela', 762749915, '2004-10-04', 'BA/21/F45S007/2/0039', 'D29S002', 2, 'No'),
(21158, 'Mahendravannan Daruskan', '200316312330', 'Male', 'Uva Katawala, Landewela, Hali Ela', 764295321, '2003-06-11', 'BA/21/D29S002/2/0004', 'D29S002', 2, 'No'),
(21159, 'Mohamed Thamees Mohammad Rahmathulla', '200307012687', 'Male', 'Wakkumbura, Galauda, Haliela', 770363345, '2003-03-10', 'BA/21/D29S002/2/0015', 'D29S002', 2, 'No'),
(21160, 'Rathnayake Mudiyanselage Sampath Lakmal', '200018500224', 'Male', '\"Sampath Niwasa\", Madawelagama, Passara', 788049979, '2000-07-03', 'BA/21/ECC01/1/0025', 'ECC 01', 1, 'No'),
(21161, 'Rathnayake Mudiyanselage Pasindu Ishan Udayanga Rathnayake', '200136500425', 'Male', '01st Mile Post, Arawa Road, Meegahakiula', 769221671, '2001-12-30', 'BA/21/ECC01/1/0060', 'ECC 01', 1, 'No'),
(21162, 'Dewasundara Matheelage Kaveesha Achintha', '993560537V', 'Male', '06th Mile Post, Mirahawaththa, Bandarawela', 779555837, '1999-12-21', 'BA/21/ECC01/1/0016', 'ECC 01', 1, 'Yes'),
(21163, 'Warsha Hanndige Rusiru Kavinda', '200120900582', 'Male', '10/4,Dumriya Pola Para,Badulla', 785716108, '2001-07-27', 'BA/21/ECC01/1/0017', 'ECC 01', 1, 'No'),
(21164, 'Werala Arachchilage Shamilka Nirmal', '200108600291', 'Male', '13/17 A, Sri Vimala Dharma Mawatha,Badulla', 713952811, '2001-03-26', 'BA/21/ECC01/1/0002', 'ECC 01', 1, 'No'),
(21165, 'Senananayaka Mudiyanselage Dhanushka Pradeep Senanayaka', '200122900255', 'Male', 'Laksiri Niwasa, Yoda Ulpatha, Gurumada, Meegahakiula', 771311272, '2001-08-16', 'BA/21/ECC01/1/0035', 'ECC 01', 1, 'No'),
(21166, 'Athauda Mudiyanselage Rashith Kavindu Keshan ', '200120901856', 'Male', 'Malgaswatta ,Welangahaella, Soranathota, Badulla.', 778302204, '2001-07-27', 'BA/21/ECC01/1/0045', 'ECC 01', 1, 'No'),
(21167, 'Disanayaka Mudiyanselage Charuka Roshan Disanayaka ', '200118101022', 'Male', 'NO 27,Pattiyawaththa ,Boliyadda ,Thaldena ,Badulla .', 702105861, '2001-06-29', 'BA/21/ECC01/1/0036', 'ECC 01', 1, 'No'),
(21168, 'Warnasuriya Patabadige Ishara Anuruddika', '200101400906', 'Male', 'No 65/ 4,Panguwaththa,Passra', 768221073, '2001-01-14', 'BA/21/ECC01/1/0024', 'ECC 01', 1, 'Yes'),
(21169, 'Yahangala Mudiyanselage Harshana Sandaruwan', '200017100783', 'Male', 'No:32, Singhapura, Bogahamadiththa, Hali Ela, Badulla', 713855423, '2000-06-19', 'BA/21/ECC01/1/0004', 'ECC 01', 1, 'No'),
(21170, 'Thennakon Mudiyanselage Sharada Nalinda', '200103900813', 'Male', 'Pahala Gedra,Aggalaulpatha,Meegahakiula', 740110208, '2001-02-08', 'BA/21/ECC01/1/0019', 'ECC 01', 1, 'Yes'),
(21171, 'Rathnayaka Mudiyanselage Pushpani Madurangi', '997832116V', 'Female', 'Pathmasiri Niwasa, Welkale, Kahataruppa, Badulla', 762892387, '1999-10-09', 'BA/21/ECC01/1/0053', 'ECC 01', 1, 'Yes'),
(21172, 'Vihanga Mihimal Supesala Ranasinga', '200110803361', 'Male', 'Seelathanna ,Haldummulla', 750713809, '2001-04-17', 'BA/21/ECC01/1/0056', 'ECC 01', 1, 'No'),
(21173, 'Visuradipathi Bandanalage Nikoshala Maduwanthi', '200152900086', 'Female', 'Sisira Niwasa, Abagahaarawa, Kandegedara', 555073502, '2001-01-29', 'BA/21/ECC01/1/0049', 'ECC 01', 1, 'No'),
(21174, 'Weerasinghe Mudiyanselage Eranda Dilshan', '200000900838', 'Male', 'Thannewaththa, Waliwaththegama, Rilpola, Badulla', 754511172, '2000-01-09', 'BA/21/ECC01/1/0006', 'ECC 01', 1, 'No'),
(21175, 'D.L. Kavindu Nadeeshan', '200030701621', 'Male', '50/10A, Pahalagama, Pahalawatta, Badulla.', 789854177, '2000-11-02', 'BA/21/ECC02/1/0005', 'ECC 02', 1, 'No'),
(21176, 'Weerasinghe Dewayalage Nipun Sanjula', '200410403402', 'Male', '8th Mile Post, Uduwara, Demodara.', 776399215, '2004-04-13', 'BA/21/ECC02/1/0006', 'ECC 02', 1, 'No'),
(21177, 'Dissanayaka Mudiyanselage Ujithamal Nuwan Dissanayaka', '200435003966', 'Male', 'Akiriyawatta, Maliyadda, Badulla.', 772531881, '2004-12-15', 'BA/21/ECC02/1/0011', 'ECC 02', 1, 'Yes'),
(21178, 'Visuradhipathi Bandhanayalage Chamod Prasanna Indrajith', '200402300560', 'Male', 'Ambagaha Arawa, Kandegedara', 740410655, '2004-01-23', 'BA/21/ECC02/1/0001', 'ECC 02', 1, 'No'),
(21179, 'Wanasinghe Mudiyanselage Sanath Jayathilaka', '200124701888', 'Male', 'Gonakale Waththa,Passara Kotasa,Passara', 765450867, '2001-09-03', 'BA/21/ECC02/1/0003', 'ECC 02', 1, 'No'),
(21180, 'Rathnayaka Mudiyanselage Himala Piyumantha ', '991963219V', 'Male', 'Idamegedara, Bopitiya, Thannapanguwa, Kandegedara', 764967862, '1999-07-14', 'BA/21/ECC02/1/0018', 'ECC 02', 1, 'No'),
(21181, 'Dissanayake Mudiyanselage Dilum Adithya Kalahans Bandara', '200317412534', 'Male', 'Janani, Walibissa, Rambukpotha, Badulla', 772531841, '2003-06-22', 'BA/21/ECC02/1/0013', 'ECC 02', 1, 'Yes'),
(21182, 'Samarasinghe Mudiyanselage Kasun Madhuwantha Samarasinghe', '200330810601', 'Male', 'Kirigalayaya ,Gonkatuthanna,Thaldena,Badulla', 765800276, '2003-11-03', 'BA/21/ECC02/1/0002', 'ECC 02', 1, 'No'),
(21183, 'Konara Mudiyanselage Ravindu Lakshan Abeynayake', '200416603052', 'Male', 'No. 9, Mapagala Rd, 10th Mile Post, Nike Badda, Palgahathanna.', 772531441, '2004-06-14', 'BA/21/ECC02/1/0010', 'ECC 02', 1, 'Yes'),
(21184, 'Herath Mudiyanselage Malshitha Mihir Madubashana', '200436602525', 'Male', 'Pahala Baddearawa, Kanahela, Passara.', 772534814, '2004-12-31', 'BA/21/ECC02/1/0009', 'ECC 02', 1, 'No'),
(21185, 'Weerasinghe Mudiyanselage Mithusara Wikum Weerasinghe', '200412004309', 'Male', 'Pathum Sewana, Babaragaslanda, Maliyadda.', 787924979, '2004-04-29', 'BA/21/ECC02/1/0008', 'ECC 02', 1, 'No'),
(21186, 'GABBALA RALALAGE NIMANTHA SANDARUWAN', '200018402493', 'Male', '11/120, KESELPOTHA, MAPAKADAWEWA, MAHIYANGANAYA', 768246679, '2000-07-02', 'BA/21/ECC05/1/0007', 'ECC 05', 1, 'No'),
(21187, 'Kahada Koralalage Shamin', '200128300233', 'Male', '13B, Sumanathissagama, Wiharagoda, Badulla', 763440097, '2001-10-09', 'BA/21/ECC05/1/0008', 'ECC 05', 1, 'No'),
(21188, 'Hitihami Mudiyanselage Deshan Chandima Wishwa Kumara', '200328414551', 'Male', '16th Mile Post, Nakkala, Monaragala', 713484331, '2003-10-10', 'BA/21/ECC05/1/0006', 'ECC 05', 1, 'No'),
(21189, 'Sipkaduwe Anthonilage Gajendra Chamila Wimalasooriya', '200116000650', 'Male', 'Ambagolla Pathana, Passara Rd, Ella.', 716820284, '2001-06-08', 'BA/21/ECC05/1/0003', 'ECC 05', 1, 'No'),
(21190, 'Kangana Mudiyanselage Isura Udara Bandara', '200120402324', 'Male', 'Bokke Arawa,Hewana Kubura, Keppetipola', 728468684, '2001-07-22', 'BA/21/ECC05/1/0002', 'ECC 05', 1, 'No'),
(21191, 'Amangirihewage Don Nandana Nuwan Gunawardana', '200223501376', 'Male', 'Bokke,Arawa,Hewanakumbura', 718489362, '2002-08-22', 'BA/21/ECC05/1/0004', 'ECC 05', 1, 'No'),
(21192, 'Rajarama Brahmanalage Senehes Thilina', '200134000577', 'Male', 'No : 20, Sumanathissagama, Badulla', 769148434, '2001-12-05', 'BA/21/ECC05/1/0005', 'ECC 05', 1, 'No'),
(21193, 'Geeganage Awishka Shiran Anjula', '200008500336', 'Male', '307,Helawela,Welimada', 702867875, '2000-03-25', 'BA/21/ECC06/1/0013', 'ECC 06', 1, 'No'),
(21194, 'Ekanayaka Mudiyanselage Dineth Prasanna Lalinda Ekanayaka', '200322312149', 'Male', 'Prsanna Niwasa,Bogahawaththa,Enasalbadda,Maliththa', 702865902, '2003-08-10', 'BA/21/ECC06/1/0004', 'ECC 06', 1, 'No'),
(21195, 'Rathnayake Mudiyanselage Lasitha Sadaruwan', '200022702534', 'Male', 'Sadun Sevana,Purana Watta, Uduwara, Hali Ela', 713630059, '2000-08-14', 'BA/21/ECC06/1/0007', 'ECC 06', 1, 'Yes'),
(21196, 'Rathnayake Mudiyanselage Ruwani Sanjeewani', '200070402480', 'Female', 'Sanjeewani Niwasa, Udaarawa, Kuttiyagolla, Badulla.', 719491450, '2000-07-22', 'BA/21/ECC06/1/0001', 'ECC 06', 1, 'Yes'),
(21197, 'Gunasingha Arachchilage Malith Eranda Kumara', '200035100374', 'Male', 'Thusagalliya,Kahataruppa,Badulla', 701757271, '2000-12-16', 'BA/21/ECC06/1/0008', 'ECC 06', 1, 'No'),
(21198, 'Vijesingha Mudiyanselage Ishara Saman', '200202602635', 'Male', '20/18,3 Wana Patumaga,Oliyawandya.Badulla', 789323910, '2002-01-26', 'BA/21/ECC08/1/0004', 'ECC 08', 1, 'No'),
(21199, 'Kahamgam Pathiranage Hasantha Pavinda Kumara', '200131400265', 'Male', '25/2,Nawajana Padaya,Passara Para,Palgahathanna', 705283254, '2001-11-09', 'BA/21/ECC08/1/0001', 'ECC 08', 1, 'No'),
(21200, 'Wanasinghe Mudiyanselage Chanuka Priyanjana Prabath', '200104002315', 'Male', 'Dinidu, Maussagolla, Passara.', 787660480, '2001-02-09', 'BA/21/ECC08/1/0015', 'ECC 08', 1, 'Yes'),
(21201, 'Rejina Pecibalge Janith Sandakalum Kulasooriya', '982200601V', 'Male', 'Kahatagahawatta, Passara Road, Palgahathanna.', 757229929, '1998-08-07', 'BA/21/ECC08/1/0011', 'ECC 08', 1, 'No'),
(21202, 'Rajapaksha Mudiyanselage Ishara Madhushan', '200117002339', 'Male', 'Lakshan Niwasa, Gamagedara, Bibilegama, Passara', 762027418, '2001-06-18', 'BA/21/ECC08/1/0012', 'ECC 08', 1, 'Yes'),
(21203, 'Thissajinadasage Ravindu Udara Ranasingahe', '200123902821', 'Male', 'Manahara,Yakdessawaththa,Kanawerulla.Maussagolla', 762481240, '2001-08-26', 'BA/21/ECC08/1/0003', 'ECC 08', 1, 'No'),
(21204, 'Jayawardana Wijekon Saluwadana Mudiyanselage Suresh Sandaruwan Mahanthe', '200006602947', 'Male', 'Migaswaththa, Maliyadda, Badulla', 765550226, '2000-03-06', 'BA/21/ECC08/1/0005', 'ECC 08', 1, 'No'),
(21205, 'Chathuranga Madushan Rajasinghe', '200116800971', 'Male', 'Namal Pura,Udawara,Demodara', 712706860, '2001-06-16', 'BA/21/ECC08/1/0007', 'ECC 08', 1, 'No'),
(21206, 'Rajapaksha Mudiyanselage Kaushika Chamikara', '200119903600', 'Male', 'No ; 15/18,Batuwathth Para,Pitawelagama,Badulla', 767611651, '2001-07-17', 'BA/21/ETC01.1/1/0055', 'ECC 08', 1, 'No'),
(21207, 'Uda Gedara Amantha Madhuranga Wijesinghe', '200006401656', 'Male', 'No 185, Eranawela, Eththalapitiya,Bandarawela', 719384441, '2000-03-04', 'BA/21/ECC08/1/0009', 'ECC 08', 1, 'Yes'),
(21208, 'Maddumaralalage Prabuddha Madhubashana', '991711538V', 'Male', 'No. 05, Jathika Niwasa, Bogahamadiththa, Haliela.', 715482590, '1999-06-19', 'BA/21/ECC08/1/0006', 'ECC 08', 1, 'No'),
(21209, 'Dissanayaka Mudiyanselage Chinthaka Prabath Karunarathna', '200013600332', 'Male', 'Unit 04, B/5, Baduluoya', 773399541, '2000-05-15', 'BA/21/ECC08/1/0008', 'ECC 08', 1, 'No'),
(21210, ' Disanayaka Mudiyanselageamila Madushanka', '200125704890', 'Male', '100/69 Kubure Gedara,Andeniya,Badulla', 789923804, '2001-09-13', 'BA/21/ECC09/1/0014', 'ECC 09', 1, 'Yes'),
(21211, 'Hewakodithuwakku Arachchilage Malinda Lakruwan Kodithuwakku', '200118200307', 'Male', '124/1,Welampilla,Iwala,Kandana,Sprinwella,Badulla', 786030357, '2001-06-30', 'BA/21/ECC09/1/0020', 'ECC 09', 1, 'Yes'),
(21212, 'Karunarathna Mudiyanselage Hirukshani Hasindima Dayas', '200170204383', 'Female', '14/6A,Jambuhasthanna,Aluthwelagama,Badulla.', 716438168, '2001-07-20', 'BA/21/ECC09/1/0006', 'ECC 09', 1, 'No'),
(21213, 'Chethana Nethmini Fernando', '200063300644', 'Female', '32, Weeriyapura, Badulla', 702342151, '2000-05-12', 'BA/21/ECC09/1/0031', 'ECC 09', 1, 'Yes'),
(21214, 'Gamhewage Yohani Lakshika Sandepani', '996800059V', 'Female', '34/1, Rabar Kotasa, Udakohovila, Landewela.', 713899629, '1999-06-28', 'BA/21/ECC09/1/0030', 'ECC 09', 1, 'Yes'),
(21215, 'Ekanayake Mudiyanselage Tharindu Prabath Ekanayake', '200217203695', 'Male', '416/1,Ramalankawa,Nugathalawa,', 725010189, '2002-06-20', 'BA/21/ECC09/1/0028', 'ECC 09', 1, 'No'),
(21216, 'Kapurusingha Mudiyanselage Tharindu Sandeepa  Lakshan', '981330250V', 'Male', '47/41, Pitawelagama, Badulla.', 718174916, '1998-05-12', 'BA/21/ECC09/1/0015', 'ECC 09', 1, 'No'),
(21217, 'Vidana Pathiranalage Poornima Lakshani', '200162601829', 'Female', 'A30, Govipala Road,Randenigodayaya,Hadapangala', 703851492, '2001-05-05', 'BA/21/ECC09/1/0022', 'ECC 09', 1, 'No'),
(21218, 'Ranasinghe Arachchilage Imeshika Madushani Ranasinghe', '200157901336', 'Female', 'Kahatagaswatta, Damawara, Kandegolla, Badulla', 764306861, '2001-03-19', 'BA/21/ECC09/1/0008', 'ECC 09', 1, 'No'),
(21219, 'Herath Mudiyanselage Shaviru Wimalasooriya', '200114900200', 'Male', 'No : 2/100, Mapakadawewa, Mahiyanaganaya', 716600206, '2001-05-28', 'BA/21/ECC09/1/0003', 'ECC 09', 1, 'Yes'),
(21220, 'Mapa Mudiyanselage Saliya Chandana Premachandra', '200113800110', 'Male', 'No ;10 Bandarapura,Passara Para,Badulla', 788252820, '2001-05-17', 'BA/21/ECC09/1/0021', 'ECC 09', 1, 'Yes'),
(21221, 'Mapa Mudiyanselage Cahamika Srinath Mapa', '200317711780', 'Male', 'No ;240/ 3,Diulapalassa,Mahiyanganaya', 740505380, '2003-06-25', 'BA/21/ECC09/1/0009', 'ECC 09', 1, 'Yes'),
(21222, 'Gonapeenuwala Vithanalage Achintha Chirath Nimsara', '990350566V', 'Male', 'No. 43/1, Bandarapura, Badulla.', 758191959, '1999-02-04', 'BA/21/ECC09/1/0007', 'ECC 09', 1, 'No'),
(21223, 'Galagedara Ariyawanshalage Imandi Chathurya', '200180000119', 'Female', 'No.570, Rideepana Watta, Badulla.', 716962018, '2001-10-26', 'BA/21/ECC09/1/0023', 'ECC 09', 1, 'No'),
(21224, 'Rathnayaka Mudiyanselage Jeewantha Bhanuka Mandara', '200026700823', 'Male', '20/12, Pitawela Gama, Alugolla Rd, Badulla.', 765511048, '2000-09-23', 'BA/21/ECC10/1/0011', 'ECC 10', 1, 'Yes'),
(21225, 'Rajapaksha Mudiyanselage Sasindu Maduranga Bandara', '200102700125', 'Male', '4/13,  Ihala Aluth Ala Road, Welagedara, Badulla', 719040372, '2001-01-27', 'BA/21/ECC10/1/0003', 'ECC 10', 1, 'No'),
(21226, 'Mesthiyage Don Kavindu Kaushalya Viduramina Gunathilaka', '200121200163', 'Male', '60/5, Madapathana, Badulla.', 719717439, '2001-07-30', 'BA/21/ECC10/1/0004', 'ECC 10', 1, 'No'),
(21227, 'Nallaperuma Arachchige Sandew Kaushika', '200128800133', 'Male', '66,Welibissa,Puswelgolla,Kansagolla,Badulla', 719941501, '2001-10-14', 'BA/21/ECC10/1/0002', 'ECC 10', 1, 'No'),
(21228, 'Abeysinghe Mudiyanselage Lahiru Kumara', '200110803590', 'Male', '8/64, Katupalallagama, Badulla', 702239412, '2001-04-17', 'BA/21/ECC10/1/0001', 'ECC 10', 1, 'Yes'),
(21229, 'Wijekoon Karunayaka Naveen Lakmal Gunarathne', '200327613152', 'Male', '8/9, Katupalalla Gama, Badulla', 701844492, '2003-10-02', 'BA/21/ECC10/1/0012', 'ECC 10', 1, 'No'),
(21230, 'Jayarathna Mudiyanselage Samitha Ashen Jayarathna', '200013500167', 'Male', '94,Dalada Ala Para,Kunupalella,Badulla', 782454973, '2000-05-14', 'BA/21/ECC10/1/0008', 'ECC 10', 1, 'No'),
(21231, 'Aththanayaka Mudiyanselage Nawodya Irudika Aththanayaka ', '200105202167', 'Male', 'Idamgedara Waththa,Sapurada,Passara', 767562297, '2001-02-21', 'BA/21/ECC10/1/0006', 'ECC 10', 1, 'No'),
(21232, 'Allawaththage Shashika Dilshan Yasarathna', '200122000264', 'Male', 'Nalin Sewana, Kiwula, Meegahakiwula', 775697582, '2001-08-07', 'BA/21/ECC10/1/0010', 'ECC 10', 1, 'No'),
(21233, 'Galagedara Ariyawanshalage Imandi Chathurya', '200180000119', 'Female', 'No.570, Rideepana Watta, Badulla.', 716962018, '2001-10-26', 'BA/21/ECC10/1/0015', 'ECC 10', 1, 'No'),
(21234, 'Ranasinghe Arachchige Vimukthi Lakshan', '200304411700', 'Male', 'Pathanegedara, Unagollagama, Rilpola, Badulla', 712085932, '2003-02-13', 'BA/21/ECC10/1/0013', 'ECC 10', 1, 'No'),
(21235, 'Herath Mudiyanselage Chamith Lakshan', '200133501665', 'Male', 'Sajith Niwasa, Pakeer Saibur Watta, School Lane, Passara.', 782458973, '2001-11-30', 'BA/21/ECC10/1/0005', 'ECC 10', 1, 'No'),
(21236, 'Deerasingha Arachchige Shanilka Dinasi', '200133900261', 'Male', 'Shanilka Sewana, Atakiriya, Passara Haraha', 761804507, '2001-12-04', 'BA/21/ECC10/1/0007', 'ECC 10', 1, 'Yes'),
(21237, 'Kodithuwakku Arachchilage Kavinda Gihan', '200401400129', 'Male', 'Shriyawasa, Kurugahapathana, Andeniya, Badulla', 782454973, '2004-01-14', 'BA/21/ECC10/1/0009', 'ECC 10', 1, 'No'),
(21238, 'Athnayaka Mudiyanselagejanith Sachintha', '200115300430', 'Male', 'Thanne Gedara,Haliela', 702885670, '2001-06-01', 'BA/21/ECC10/1/0014', 'ECC 10', 1, 'No'),
(21239, 'Anthony Baduge Dilusha Madhuranga', '200118700100', 'Male', 'C/138, Badulupitiya, Badulla.', 769780819, '2001-07-05', 'BA/21/ECC12/1/0048', 'ECC 12', 1, 'No'),
(21240, 'Abeysinghe Mudiyanselage Deuni Sumuduni Abeysinghe', '200251400996', 'Female', 'Deumini, Madagama, Rilpola,Badulla.', 703992053, '2002-01-14', 'BA/21/ECC12/1/0063', 'ECC 12', 1, 'No'),
(21241, 'Adhikari Mudiyanselage Samadhi Abhimani Malshika Adhikarki', '200062201578', 'Female', 'No. 86, Weeriyapura, Badulla', 718642127, '2000-05-01', 'BA/21/ECC12/1/0015', 'ECC 12', 1, 'No'),
(21242, 'Akuratiya Gamage Evumini Udara', '200176703098', 'Female', 'No.3/A, Bandarawela Road, Badulla.', 712767986, '2001-09-23', 'BA/21/ECC12/1/0024', 'ECC 12', 1, 'No'),
(21243, 'Anandakannan Meshack Abishan ', '200112502260', 'Male', 'Oya Uda Arawa, 7 Mile Post, Uduwara, Demodara.', 713088199, '2001-05-04', 'BA/21/ECC12/1/0052', 'ECC 12', 1, 'No'),
(21244, 'Samarakoon Mudiyanselage Amandi Chethana Dilmi Rathnayake', '200058100308', 'Female', '\"Chandana\", 4th Mile Post, Thimbirigaspitiya, Soranathota, Badulla.', 710879119, '2000-03-21', 'BA/21/ECC12.1/1/0030', 'ECC 12.1', 1, 'No'),
(21245, 'Madame Aluthgedara Ruwani Chathurika Sandamali', '905871250V', 'Female', '\"Jayalanka\" Stores, Madama Junction, Badalkumbura.', 719676102, '1990-03-27', 'BA/21/ECC12.1/1/0004', 'ECC 12.1', 1, 'No'),
(21246, 'Thebuwana Acharige Ashcharya Prabodhini Dharmadasa', '978590691V', 'Female', '\"Kusum Sewana\", Vineethagama Pahala, Badulla.', 552226422, '1997-12-24', 'BA/21/ECC12.1/1/0005', 'ECC 12.1', 1, 'No'),
(21247, 'Rathnayake Mudiyanselage Dilesha Anurandi', '199762502489', 'Female', '1/44, Rubber State, Galpoththawela, Vineethagama.', 768870708, '1997-05-04', 'BA/21/ECC12.1/1/0026', 'ECC 12.1', 1, 'No'),
(21248, 'Mohomed Roomy Shakir Ahamed', '991991581V', 'Male', '262/3, Main Street, Lunugala', 769316444, '1999-07-17', 'BA/21/ECC12.1/1/0001', 'ECC 12.1', 1, 'No'),
(21249, 'Weerakkutti Dodamgodage Darsha Dulanjali Weerasinghe', '936240445V', 'Female', '276, Green Lane Drive, Badulupitiya, Badulla', 726854658, '1993-05-03', 'BA/21/ECC12.1/1/0038', 'ECC 12.1', 1, 'No'),
(21250, 'Paththiyage Danushika Piushani Fernando', '986530274V', 'Female', '4/4,Kammanankada,Pinarawa,Badulla,', 775923318, '1998-06-01', 'BA/21/ECC12.1/1/0022', 'ECC 12.1', 1, 'No'),
(21251, 'Werella Waththe Dilsha Nayomi', '200174201064', 'Female', 'Ayesha, Damanwara, Kandagolla, Badulla.', 716085260, '2001-08-29', 'BA/21/ECC12.1/1/0025', 'ECC 12.1', 1, 'No'),
(21252, 'Poojani Sanwari Halloluwa Arachchige ', '200178702805', 'Female', 'B 99,Badulupitiya,Badulla.', 552223955, '2001-10-13', 'BA/21/ECC12.1/1/0032', 'ECC 12.1', 1, 'No'),
(21253, 'Thanthulage Aseka Dhamathi Ushani', '995472619V', 'Female', 'Badulla Gaha Arawa, Kandagolla, Badulla', 767530468, '1999-02-16', 'BA/21/ECC12/1/0065', 'ECC 12.1', 1, 'No'),
(21254, 'Paul Dewid Srima Imanjalin Nadeeshani Samaraweera', '986711554V', 'Female', 'Bogaha Watta, Gawarawela, Demodara.', 716334872, '1998-06-19', 'BA/21/ECC12.1/1/0009', 'ECC 12.1', 1, 'No'),
(21255, 'Weerasinghe Mudiyanselage Vindya Gimahani Jayathilake', '200150202170', 'Female', 'Weerasewana, Pahala Kandana, Sprinhvalley.', 783682982, '2001-01-02', 'BA/21/ECC12.1/1/0018', 'ECC 12.1', 1, 'No'),
(21256, 'Kuda Baduge Dharana Sri Dantha Jayasuriya', '200024001474', 'Male', '202C Athulgashinna,Kirthal Ella,Ella', 711202052, '2000-08-27', 'BA/21/ECC13/1/0002', 'ECC 13', 1, 'Yes'),
(21257, 'Kurukudawatta Imeshan Ruchiranga', '993121002V', 'Male', '242/5, Hingurugamuwa Road, Silverland, Badulla ', 721469012, '1999-11-07', 'BA/21/ECC13/1/0007', 'ECC 13', 1, 'No'),
(21258, 'Jayasekara Siriwardana Dissanayake Mudiyanselage Kavishka Ruwanjeewa Kumara', '199920910726', 'Male', '36, Kavishka, Nawa Gammanaya, 10th Mile Post, Passara', 764634900, '1999-07-27', 'BA/21/ECC13/1/0005', 'ECC 13', 1, 'No'),
(21259, 'Dissanayake Mudiyanselage Chamidu Shashinka', '200017803152', 'Male', '53/A, Katupalallagama Gama, Badulla', 775719749, '2000-06-26', 'BA/21/ECC13/1/0006', 'ECC 13', 1, 'No'),
(21260, 'Jayasinghe Mudiyanselage Kaveen Dilhara', '200323411789', 'Male', '67, Galpoththawela, Vineethagama, Badulla', 756455478, '2003-08-21', 'BA/21/ECC13/1/0026', 'ECC 13', 1, 'No'),
(21261, 'Godagedara Arachillage Bimsara Menaka Godagedara', '199902310423', 'Male', '9/A,Madapathana Circular Road Badulla,', 713916968, '1999-01-23', 'BA/21/ECC13/1/0008', 'ECC 13', 1, 'No'),
(21262, 'Dissanayake Mudiyanselage Nadun Darshaka', '991270566V', 'Male', 'A/20, Badulupitiya, Badulla.', 750233648, '1999-05-06', 'BA/21/ECC13/1/0003', 'ECC 13', 1, 'No'),
(21263, 'Disanayake Mudiyanselage Maduranga Priyadarshana', '200111203827', 'Male', 'No 250,Bandarawela Road, Pin Arawa,Badulla', 714887464, '2001-04-21', 'BA/21/ECC13/1/0014', 'ECC 13', 1, 'No'),
(21264, 'RAJAPAKSHAGE KASUN SATHSARA DILHAN DISSANAYAKA', '971851090V', 'Male', 'PIDARAAWE GEDARA,MALITHTHANNAGAMA,MIRAHAWATTA', 772748558, '1997-07-03', 'BA/21/ECC13/1/0013', 'ECC 13', 1, 'No'),
(21265, 'Dewasingha Panikkiyalage Ishara Kavinda Pathirana', '200013102192', 'Male', 'Thennegedara, Dehogolla, Hela Halpe, Bandarawela.', 769127128, '2000-05-10', 'BA/21/ECC13/1/0004', 'ECC 13', 1, 'Yes'),
(21266, 'Rate Ralalade .Oshani Gayeshika', '200160801480', 'Female', '16 Kanuwa,Kanwerulla,Maussagolla', 704879425, '2001-04-17', 'BA/21/ECC14/1/0005', 'ECC 14', 1, 'Yes'),
(21267, 'Samarakon Aarachchilage Nadun Nilakshana', '200030600220', 'Male', '163/Aligabadda,Nelum,Gama,Badulla', 702148986, '2000-11-01', 'BA/21/ECC14/1/0012', 'ECC 14', 1, 'Yes'),
(21268, 'Ahangama Withana Arachchilage Dhanesh Prebuddika', '200022000185', 'Male', '39, Madawaththa, Hanwalla, Badulla', 774277355, '2000-08-07', 'BA/21/ECC14/1/0011', 'ECC 14', 1, 'No'),
(21269, 'Amarasinghe Arachchilage Gihan Madushanka Amarasinghe ', '991910115V', 'Male', '54,Lidawaththa,Galgodahinna, Hegoda, Badulla', 781244875, '1999-07-09', 'BA/21/ECC14/1/0004', 'ECC 14', 1, 'Yes'),
(21270, 'Rathnayaka Mudiyanselagelasantha Kumara', '200323811454', 'Male', 'Ambalanhinna,Mahakubura,Landewela', 701666967, '2003-08-25', 'BA/21/ECC14/1/0013', 'ECC 14', 1, 'No'),
(21271, 'Muhandiram Mudiyanselage Dhananjaya Indunil Munasinghe', '200201400130', 'Male', 'Dhananjaya Niwasa, Uduwara, 7th Mile Post, Nwa Kolaniyagama, Uduwara, Demodara', 714981694, '2002-01-14', 'BA/21/ECC14/1/0016', 'ECC 14', 1, 'No'),
(21272, 'Disanayaka Mudiyanselage.Lahiru Sadaaruwan Sampath', '983091415V', 'Male', 'G/34/B ,Galkanda Pahala Kotasa,Badulla', 712239471, '1998-11-04', 'BA/21/ECC14/1/0003', 'ECC 14', 1, 'Yes'),
(21273, 'Rathnayake Mudiyanselage Harshani Nisansala', '200252203000', 'Female', 'Harsha Niwasa,Godapita,Maussagolla,Passara', 765644709, '2002-01-22', 'BA/21/ECC14/1/0007', 'ECC 14', 1, 'Yes'),
(21274, 'Rateralage Rachani Senara', '200180001468', 'Female', 'Kannahena ,Kanawerulla,Maussagolla,', 552285215, '2001-10-26', 'BA/21/ECC14/1/0002', 'ECC 14', 1, 'No'),
(21275, 'Croshino Charith Madubashana', '200127200420', 'Male', 'Udagasgolla, Jangulla, Haliela', 785300676, '2001-09-28', 'BA/21/ECC14/1/0014', 'ECC 14', 1, 'No'),
(21276, 'Elle Gammahelage Pradeep Kumara', '960830075V', 'Male', '13/1 Thalangamuwa, Panagoda, Bambarapana', 715509102, '1996-03-23', 'BA/21/ECC18/1/0029', 'ECC 18', 1, 'Yes'),
(21277, 'Weerasinghe Mudiyanselage Gayanga Nadun Nimsara', '991900489V', 'Male', '156/3, Watagamuwa, Bandarawela.', 786055277, '1999-07-08', 'BA/21/ECC18/1/0015', 'ECC 18', 1, 'No'),
(21278, 'Jayasinghe Arachchilage Thimira Udesh Jayasinghe', '200021900104', 'Male', '22, Bathalawaththa Road, Hidagoda, Badulla', 779672393, '2000-08-06', 'BA/21/ECC18/1/0019', 'ECC 18', 1, 'Yes'),
(21279, 'Konara Mudiyanselage Nimesh Madushanka', '200032300185', 'Male', '225/2, Galkotuwaththa, Hagoda, Badulla.', 786052551, '2000-11-18', 'BA/21/ECC18/1/0018', 'ECC 18', 1, 'No'),
(21280, 'Ekanayaka Mudiyanselage Kanishka Hansamal', '991760598V', 'Male', '27 A, Kohowila, Soranathota, Badulla', 772448250, '1999-06-24', 'BA/21/ECC18/1/0016', 'ECC 18', 1, 'No'),
(21281, 'Thennakoon Mudiyanselage Shaliya Asanka Thennakoon', '200027902511', 'Male', '372/A, Kandekumbura, Hela Halpe, Bandarawela.', 712597523, '2000-10-05', 'BA/21/ECC18/1/0008', 'ECC 18', 1, 'Yes'),
(21282, 'Dissanayake Mudiyanselage Imansha Prabhath Madumal', '200225801770', 'Male', 'Aluth Gedara, Piburaulpatha, Meegahakiula.', 762659682, '2002-09-14', 'BA/21/ECC18/1/0027', 'ECC 18', 1, 'No'),
(21283, 'Ganhewayalage Damith Sudarshana', '200018703798', 'Male', 'Ampitiwatta, Millawatta, Hela Halpe, Bandarawela.', 786341327, '2000-07-05', 'BA/21/ECC18/1/0009', 'ECC 18', 1, 'Yes'),
(21284, 'Neluwe Mudiyanselage Piyal Madushan Senadeera', '200008000185', 'Male', 'B 32/5, Passara Road, Jayagama, Badulla', 758172043, '2000-03-20', 'BA/21/ECC18/1/0021', 'ECC 18', 1, 'Yes'),
(21285, 'Dissanayake Mudiyanselage Dasun Thilanka ', '200122901138', 'Male', 'Jayasiri Niwasa, Boragahamada, Kandagolla, Badulla.', 777550825, '2001-08-16', 'BA/21/ECC18/1/0026', 'ECC 18', 1, 'No'),
(21286, 'Jayasooriya Ralalage Tharindu Dilshan Chandrasena', '992112158V', 'Male', 'Laduyaya, Ihalagalagama, Belihuloya.', 717996935, '1999-07-29', 'BA/21/ECC18/1/0012', 'ECC 18', 1, 'No'),
(21287, 'Weerasinghe Mudiyanselage Menusha Pasindu Weerasinghe', '200333400376', 'Male', '218/B, Kappetipola Road, Badulla', 711920003, '2003-11-29', 'BA/21/ECC31/1/0005', 'ECC 31', 1, 'No'),
(21288, 'Rathnanayaka Mudiyanselage Uresha Sewwandi', '037051001M', 'Female', '27th Mile Post, Alakolagala, Ranmatiya ', 762041916, '2003-07-23', 'BA/21/ECC31/1/0018', 'ECC 31', 1, 'No'),
(21289, 'Ambakumbure Gedara Tharushi Chethani', '200270103070', 'Female', '29/2, Pansala Road, Bandarawela ', 713252101, '2002-07-19', 'BA/21/ECC31/1/0017', 'ECC 31', 1, 'No'),
(21290, 'Rathnayake Mudiyanselage Chamodika Sewwandi', '200453012375', 'Female', '31/10, Bollaththawela, Sumudugama, Lunugala', 771903346, '2004-01-30', 'BA/21/ECC31/1/0003', 'ECC 31', 1, 'No'),
(21291, 'Kathake Mudiyanselage Tharindu Sahan Arunaloka', '200402211741', 'Male', 'Pahan Niwasa, Eranawela, Aththalapitiya, Bandarawela', 702044369, '2004-01-22', 'BA/21/ECC31/1/0007', 'ECC 31', 1, 'No'),
(21292, 'Visuradhipathilage Charuni Bhagya Premasiri', '200364110483', 'Female', 'Sooriyagalpoththa, Galauda, Hali Ela', 774548538, '2003-05-20', 'BA/21/ECC31/1/0009', 'ECC 31', 1, 'No'),
(21293, 'Lokuge Rahabandalage Nirasha Sandamali', '200251203870', 'Female', 'Wandamaduwa, Yalpathwela, Walimada.', 758457119, '2002-01-12', 'BA/21/ECC31/1/0015', 'ECC 31', 1, 'No'),
(21294, 'Dinithi Udalakumbura', '200353102256', 'Female', 'Watakudawa, Galedanda, Walimada.', 701534558, '2003-01-31', 'BA/21/ECC31/1/0014', 'ECC 31', 1, 'No'),
(21295, 'Withana Gamagelage Rukshan Charuka', '200317012761', 'Male', '244, Nelugolla, Pattoyagedara', 788381992, '2003-06-18', 'BA/21/ECC59/1/0013', 'ECC 59', 1, 'No'),
(21296, 'Dias Balasooriya Shehan Mendis ', '200331711399', 'Male', '49/3, Galkanda Pahala Kotasa Suwineethagama, Badulla', 755978533, '2003-11-12', 'BA/21/ECC59/1/0007', 'ECC 59', 1, 'No'),
(21297, 'Prakrama Mudiyanselage Drashana Lakmal', '200402110340', 'Male', '5, Sentjemis Waththa, Hali Ela', 753713594, '2004-01-21', 'BA/21/ECC59/1/0012', 'ECC 59', 1, 'No'),
(21298, 'Dissanayake Mudiyanselage Sandaru Bimsara Dissanayake ', '200327512754', 'Male', '51/8, Katupalallagama, Badulla ', 713070812, '2003-10-01', 'BA/21/ECC59/1/0005', 'ECC 59', 1, 'No'),
(21299, 'Rathnayake Mudiyanselage Vinod Kavishka', '200316911930', 'Male', '7/15, Ulpatha, Kandaketiya, Badulla', 783931994, '2003-06-17', 'BA/21/ECC59/1/0002', 'ECC 59', 1, 'Yes'),
(21300, 'Udagedara Nimna Sihilal Udagedara', '200333911682', 'Male', '73/21, Mahakale, Kandaketiya', 760659830, '2003-12-04', 'BA/21/ECC59/1/0019', 'ECC 59', 1, 'No'),
(21301, 'Rathnayaka Mudiyanselage Sahan Ranagana Premachandra', '200323800900', 'Male', '79/20, Anthalawa, Hali Ela', 773152084, '2003-08-25', 'BA/21/ECC59/1/0021', 'ECC 59', 1, 'No'),
(21302, 'Wijerathna Mudiyanselage Vinod Madhushan Jayasinghe', '200234900485', 'Male', 'Polgaharawa, Bibilegama', 713011688, '2002-12-14', 'BA/21/ECC59/1/0028', 'ECC 59', 1, 'No'),
(21303, 'Madawela Rathnayaka Mudiyanselage Kavishka Sithruwan Rathnayaka ', '200223301626', 'Male', 'Thawalanthanna, Etampitiya', 755954779, '2002-08-20', 'BA/21/ECC59/1/0008', 'ECC 59', 1, 'No'),
(21304, 'Divithotawela Konara Mudiyanselage Rashmika Nawod', '200331500879', 'Male', 'Track 3/12, Mahakale, Kandaketiya', 710674253, '2003-11-10', 'BA/21/ECC59/1/0026', 'ECC 59', 1, 'No'),
(21305, 'Wikramasinghe Kamkanamge Kasun', '200325611614', 'Male', 'Wikrama Niwasa, Kahambawa, Akurukaduwa, Meegahakiula', 717604265, '2003-09-12', 'BA/21/ECC59/1/0006', 'ECC 59', 1, 'No'),
(21306, 'Rathnayaka Mudiyanselage Ashan Iduranga', '200015001513', 'Male', ' Ndee Sewana, 4 Kanuwa, Amunumulla, Kotmuduna ,Passara', 719875345, '2000-05-29', 'BA/21/ECS22/1/0004', 'ECS 22', 1, 'Yes'),
(21307, 'Yasanayake Mudiyanselage Kavinda Shihan Yasanayake', '200008702330', 'Male', '"Jayasiri Niwasa", Polgahalanda, Passara', 555789742, '2000-03-27', 'BA/21/ECS22/1/0025', 'ECS 22', 1, 'Yes'),
(21308, 'Vikramasingha Mudiyanselage Tinisha Hiruni ', '200077002766', 'Female', '107,Hiru Niwasa,Kanahela,Passara', 753215304, '2000-09-26', 'BA/21/ECS22/1/0031', 'ECS 22', 1, 'No'),
(21309, 'Weerasinghe Daundagesachini Dilmika Weerasinghe ', '200167000369', 'Female', '12/13, Sri Vimala Darama Mawatha,Badulla.', 717060681, '2001-06-18', 'BA/21/ECS22/1/0052', 'ECS 22', 1, 'No'),
(21310, 'Rathnayake Mudiyanselage Gayashan Chandrapala Rathnayake', '200108002860', 'Male', 'Kapuhena,Meegahawela,Soranathota,Badulla.', 774134070, '2001-03-20', 'BA/21/ECS22/1/0019', 'ECS 22', 1, 'No'),
(21311, 'Weerasundara Mudoyanselage Tharaka Prasajath', '200031001350', 'Male', 'Kapukotuwa,Hagunthawa', 775937559, '2000-11-05', 'BA/21/ECS22/1/0022', 'ECS 22', 1, 'Yes'),
(21312, 'Rate Ralalage  Dinesha Samadhi Hemakantha', '998270243V', 'Female', 'Lakshitha,Kanawerulla,Maussagolla,Passara', 710805410, '1999-11-22', 'BA/21/ECS22/1/0048', 'ECS 22', 1, 'No'),
(21313, 'WICRAMASINGHA MUDIYANSELAGE JANITH ROSHAN WIJERATHNA', '199934010664', 'Male', 'PUBUDU SEWANA, AMBAWATHTHA ROAD, BADALKUMBURA.', 710107936, '1999-12-05', 'BA/21/ECS22/1/0020', 'ECS 22', 1, 'Yes'),
(21314, 'Arachchilage Ushitha Maduhansa Vijewardana', '200027802168', 'Male', 'Sadakalum, Udabadaka, Kappatipola', 764359482, '2000-10-04', 'BA/21/ECS22/1/0011', 'ECS 22', 1, 'No'),
(21315, 'Wijethunga Mudiyanselage Pasindu Lakshan Wijethunga', '992762586V', 'Male', 'Walipotha, Mahagama, Kuruvithanna, Mahiyanganaya.', 788958709, '1999-10-02', 'BA/21/ECS22/1/0002', 'ECS 22', 1, 'Yes'),
(21316, 'Hela Gedara Chandana Thilakasiri', '941451748V', 'Male', '21, Kanuwa, Amunudowa, Nakkala, Monaragala', 764096188, '1994-05-24', 'BA/21/ECS27/1/0011', 'ECS 27', 1, 'No'),
(21317, 'Weerasundara Mudiyanselage Nadun Kalahara Weerasundara', '200432901020', 'Male', '213/1, Mahiyangana Road, Badulla', 719299063, '2004-11-24', 'BA/21/ECS27/1/0034', 'ECS 27', 1, 'No'),
(21318, 'Thabagamuwa Baddagemaduranga Priyanath Bandara', '200105000562', 'Male', '23/10,Uyanwaththa,Hawella,Badulla', 748555891, '2001-02-19', 'BA/21/ECS27/1/0006', 'ECS 27', 1, 'No'),
(21319, 'Dissanayake Mudiyanselage Kasun Madushanka', '200409313091', 'Male', 'Walibissa, Puswalgolla, Kandagolla, Badulla.', 710180751, '2004-04-02', 'BA/21/ECS27/1/0031', 'ECS 27', 1, 'Yes'),
(21320, 'Dissanayake Mudiyanselage  Kavishka Dhananjaya', '200016700099', 'Male', '\"Manju Sewana\", Meegahawela, Soranathota, Badulla', 781236598, '2000-06-15', 'BA/21/ETC05/1/0044', 'ETC 05', 1, 'No'),
(21321, 'Dissanayake Mudiyanselage Keshan Harsha', '200101002133', 'Male', '\"Thilini\" Niwasa, Bathalawaththa, Waakada, Kandagolla, Badulla', 757044266, '2001-01-10', 'BA/21/ETC05/1/0042', 'ETC 05', 1, 'No'),
(21322, 'Dasanayaka Mudiyanselage Saduni Virangika ', '200061100849', 'Female', '100/72 A,Ridikotaliya,Mahiyanganaya', 701671384, '2000-04-20', 'BA/21/ETC05/1/0017', 'ETC 05', 1, 'No'),
(21323, 'Tholikada Palliya Guruge Thusitha Vimodaya Alwis', '200120100414', 'Male', '121/ A, Millagaswathth, Hambawela, Badulla', 761175200, '2001-07-19', 'BA/21/ETC05/1/0046', 'ETC 05', 1, 'No'),
(21324, 'Thennakoon Mudiyanselage Navodya Hansamali', '986502637V', 'Female', '19, Janaudanagama, Pahalakadana, Sprin Wella', 705886353, '1998-05-29', 'BA/21/ETC05/1/0029', 'ETC 05', 1, 'No'),
(21325, 'Wickramasinghe Mudiyanselage Lihini Thaksharuni Gunarathna', '200081803657', 'Female', '2/100, Kanahela, Pallegama, Passara,', 718768504, '2000-11-13', 'BA/21/ETC05/1/0025', 'ETC 05', 1, 'No'),
(21326, 'Thariduni Thathsarani Lakpathirana', '200150500956', 'Female', '284,Higurugamuwa Para,Badulla', 711275070, '2001-01-05', 'BA/21/ETC05/1/0018', 'ETC 05', 1, 'No'),
(21327, 'Dodampahalage Srimal Gihan Weerasooriya', '200036102550', 'Male', '2nd Mail Post, Bogahamadiththa, Hali Ela', 752432230, '2000-12-26', 'BA/21/ETC05/1/0053', 'ETC 05', 1, 'No'),
(21328, 'Ambuldeniyage Don Subodha Piumali Ambuldeniya', '200055201535', 'Female', '3 Kanuwa, Tholabowaththa, Gamewela, Passara.', 710392955, '2000-02-21', 'BA/21/ETC05/1/0021', 'ETC 05', 1, 'No'),
(21329, 'Wickrama Arachchilage Geethanjan Karunarathna', '200026203213', 'Male', '43/3 Dauldena,Madawela,Udakida.', 756305927, '2000-09-18', 'BA/21/ETC05/1/0009', 'ETC 05', 1, 'No'),
(21330, 'Hettiarachchi Mudiyanselage Dimuthu Sandaruwan ', '200113301454', 'Male', 'Ambalan Kalapuwa, Kandagolla, Atampitiya. ', 784953397, '2001-05-12', 'BA/21/ETC05/1/0051', 'ETC 05', 1, 'No'),
(21331, 'Wanasinghe Samarakoon Mudiyanselage Yohan Bhanuka Lakshan', '993160300V', 'Male', 'Shan, Danmuwa Para, Abagasdewa', 769245406, '1999-11-11', 'BA/21/ETC05/1/0008', 'ETC 05', 1, 'No'),
(21332, 'Samakoon Mudiyanselage Imanjala Lakshantha', '200006301685', 'Male', 'Shantha Sewana, Niliwaththa, Thaldena, Badulla', 776893730, '2000-03-03', 'BA/21/ETC05/1/0010', 'ETC 05', 1, 'Yes'),
(21333, 'Dissanayaka Mudiyanselage Kasuni Nethmini Chathurika', '200005903147', 'Male', 'Sithum Sewana, Amunahena. Kahataruppa,', 768000567, '2000-02-28', 'BA/21/ETC05/1/0031', 'ETC 05', 1, 'No'),
(21334, 'Vidane Arachchilage Tharushi Sewwandi', '200076500251', 'Female', 'Uda Arawa, Kottagoda, Badulla.', 716937696, '2000-09-21', 'BA/21/ETC05/1/0016', 'ETC 05', 1, 'No'),
(21335, 'Rahubadde Vidanalage Imalka Prabod Rahubadda', '200028901358', 'Male', '12/B,Kehel Ella, Welika Mulla, Badulla', 785246102, '2000-10-15', 'BA/21/F45S007/2/0015', 'F45S007', 2, 'No'),
(21336, 'Jayasundara Mudiyanselage Dhanushka Heshan ', '200120100295', 'Male', '16 Kanuwa, Imakadura, Meegahakiula, Badulla', 750279285, '2001-07-19', 'BA/21/F45S007/2/0022', 'F45S007', 2, 'No'),
(21337, 'Chathura Lakmal Athapaththu', '991440933V', 'Male', '21th Mile Post, Rajamawatha, Gonagan Ara, Buththala', 766946080, '1999-05-23', 'BA/21/F45S007/2/0025', 'F45S007', 2, 'No'),
(21338, 'Weerasinghe Mudiyanselage Manilka Thiwankara Weerasinghe', '200028101567', 'Male', '23/2, Aluth Ela Road, Badulla', 763111836, '2000-10-07', 'BA/21/F45S007/2/0024', 'F45S007', 2, 'No'),
(21339, 'Rathnayake Mudiyanselage Lasitha Sadaruwan', '200022702534', 'Male', '27, Sadun, Purana Watta, Uduwara, Hali Ela', 713630059, '2000-08-14', 'BA/21/F45S007/2/0038', 'F45S007', 2, 'No'),
(21340, 'Ranadewa Mudalige Kaveesha Didula Ranadewa', '200007600671', 'Male', '316/2 Higurugamuwa, Badulla', 718815548, '2000-03-16', 'BA/21/F45S007/2/0013', 'F45S007', 2, 'No'),
(21341, 'Modara Arachchilage Sachini Sathsarani Perera', '200161000329', 'Female', '32/1, Galliya, Aluthwelagama, Badulla.', 717513085, '2001-04-19', 'BA/21/F45S007/2/0027', 'F45S007', 2, 'No'),
(21342, 'Rahubadde Vidanelage Kanishka Madhuwantha', '200129901075', 'Male', '8/37, Katupellella Gama, Badulla', 714883844, '2001-10-25', 'BA/21/F45S007/2/0014', 'F45S007', 2, 'No'),
(21343, 'Hewagamage Nethmi Imesha ', '200050902383', 'Female', '81/1, Aktan Waththa, Welimada Road, Bandarawela', 703172696, '2000-01-09', 'BA/21/F45S007/2/0030', 'F45S007', 2, 'No'),
(21344, 'J.M.L.D Bandara', '200122401734', 'Male', '9th Mile Post, Uva Karandagolla, Ella', 760238808, '2001-08-11', 'BA/21/F45S007/2/0037', 'F45S007', 2, 'No'),
(21345, 'W.M Uditha Gayan', '200116900632', 'Male', 'Aluth Waththe Gedara, Udaperuwa, Kinigama, Bandarawela', 705371069, '2001-06-17', 'BA/21/F45S007/2/0031', 'F45S007', 2, 'No'),
(21346, 'Dissanayaka Mudiyanselage Amila Indowana', '200108600488', 'Male', 'Arawa Road Junction, Meegahakiula, Badulla', 784305232, '2001-03-26', 'BA/21/F45S007/2/0023', 'F45S007', 2, 'No'),
(21347, 'Kandapalle Mudiyanselage Dhammika Prasad', '200121301289', 'Male', 'Buththala Road, 1st Mile Post, Badalkumbura', 784801608, '2001-07-31', 'BA/21/F45S007/2/0017', 'F45S007', 2, 'No'),
(21348, 'Dissanayaka Mudiyanselage Hiruna Nimansha Dissanayaka ', '200107400598', 'Male', 'Galmadigoda, Katugaha, Maliththa', 753374797, '2001-03-14', 'BA/21/F45S007/2/0036', 'F45S007', 2, 'No'),
(21349, 'Jayawaradhana Mudiyanselage Sarani Lakshani', '200175500166', 'Female', 'Gamagedarawaththa, Kandagolla, Badulla', 762392073, '2001-09-11', 'BA/21/F45S007/2/0020', 'F45S007', 2, 'No'),
(21350, 'Warusha Hennadige Binura Kavinda Zoysa', '200135001586', 'Male', 'Gihan Sewana,Kirawanagama, Lunuwaththa', 753129448, '2001-12-15', 'BA/21/F45S007/2/0002', 'F45S007', 2, 'Yes'),
(21351, 'RathambakageChathurangi Madusani Dilrukshi', '200063302035', 'Female', 'Guwan Sewana, 18 Mail Post, Balagolla', 778095886, '2000-05-12', 'BA/21/BSC06/1/0004', 'F45S007', 1, 'No'),
(21352, 'Rathnayaka Mudiyanselage Thamodya Dilshan Rathnayaka', '200027903216', 'Male', 'Jayasiri, Karawila, Badalkumbura', 719777030, '2000-10-05', 'BA/21/F45S007/2/0016', 'F45S007', 2, 'No'),
(21353, 'Gardiye Punchiheva Chathuri Jayathma Nethsarani', '200059803121', 'Female', 'Udakubura, Nikapotha, Meegahakiula', 771538970, '2000-04-07', 'BA/21/F45S007/2/0004', 'F45S007', 2, 'No'),
(21354, 'Wanasinghe Mudiyanselage Madhushiika Ruwanthi', '996850242V', 'Female', 'Wanmali, Wewalhinna, Rilpola, Badulla', 770776750, '1999-07-03', 'BA/21/F45S007/2/0035', 'F45S007', 2, 'No'),
(21355, 'T.T.Rinosh Deen', '200432001548', 'Male', '11/3 A, Butthala Rd, Passara', 771889750, '2004-11-24', 'BA/21/G50S002/2/0017', 'G50S002', 2, 'No'),
(21356, 'Dissanayaka Mudiyanselage Janidu Lakshitha', '200429404268', 'Male', '151, Wawewaththa, Hambawela, Badulla', 718790931, '2004-10-20', 'BA/21/G50S002/2/0013', 'G50S002', 2, 'No'),
(21357, 'Mulleriyawage Lalendra Yasas Shri Perera', '963300352V', 'Male', '18A, Kailagoda, Badulla', 765503330, '1996-11-25', 'BA/21/G50S002/2/0001', 'G50S002', 2, 'No'),
(21358, 'Boyakubura Gedara Nishad Asinshana Boyakumbura', '200414401076', 'Male', '215/17A, Kaurnapura, Badulla', 701270063, '2004-05-23', 'BA/21/G50S002/2/0008', 'G50S002', 2, 'No'),
(21359, 'Rizan Mohomed Rishad', '200500400866', 'Male', '23/11, Uyanwaththa, Hanwalla, Badulla', 772126609, '2005-01-04', 'BA/21/G50S002/2/0010', 'G50S002', 2, 'No'),
(21360, 'Dissanayake Mudiyanselage Sahan Induwara', '200325300387', 'Male', '24/3, R.M Gunawardana Mawatha, Badulla.', 779891428, '2003-09-09', 'BA/21/G50S002/2/0004', 'G50S002', 2, 'No'),
(21361, 'Ududumbara Polwaththe Gedara Subashini Wickramasooriya', '895200689V', 'Female', '118/2, Heeyawala, Handessa', 704389489, '1989-01-20', 'BA/21/O92S001/2/0010', 'O92S001', 2, 'No'),
(21362, 'Thirumal', '200016602878', 'Male', '17/33pandarakkulam West Lane Nallur North Jaffna', 767267559, '2000-06-14', 'BA/21/O92S001/2/0009', 'O92S001', 2, 'No'),
(21363, 'Attanayake Mudiyanselage Rasika', '200461703860', 'Female', '18/17, Pitawelagama, Badulla.', 712273861, '2004-04-26', 'BA/21/O92S001/2/0005', 'O92S001', 2, 'No'),
(21364, 'Rathnayake Mudiyanselage Imasha Sewwandi', '200459213990', 'Female', 'Malangamuwa, Vineethagama, Badulla.', 771356619, '2004-04-01', 'BA/21/O92S001/2/0001', 'O92S001', 2, 'No'),
(21365, 'Konara Mudiyanselage Iresha Maduwanthi', '200471403425', 'Female', 'Kandekumbura, Sirimalgoda, Badulla.', 774262703, '2004-08-01', 'BA/21/O92S001/2/0002', 'O92S001', 2, 'No'),
(21366, 'Selvaraja Premila', '200467703433', 'Female', 'Kuinstown Uda Kotasa, Haliela.', 768718906, '2004-06-25', 'BA/21/O92S001/2/0007', 'O92S001', 2, 'No'),
(21367, 'Hewakara Mudiyanselage Subani Madushani', '200482704167', 'Female', 'No 20, Kandekumbura, Sirimalgoda, Badulla.', 774315823, '2004-11-22', 'BA/21/O92S001/2/0004', 'O92S001', 2, 'No'),
(21368, 'Dissanayake Mudiyanselage Sauyri Nisansala', '200479704033', 'Female', 'No 8/B, Kurugaha, Andeniya, Badulla.', 759489400, '2004-10-23', 'BA/21/O92S001/2/0003', 'O92S001', 2, 'No'),
(21369, 'Rajapaksha Mudiyanselage Sachini Hansika', '200066400554', 'Female', 'No 29, Heerassa, Aluketiyawa, Mapakadawewa', 713499862, '2000-06-12', 'BA/21/O92S001/2/0008', 'O92S001', 2, 'No'),
(21370, 'Gamhewayalage Lakmini Sewwandi', '200453012588', 'Female', 'Uluporanuwa, Dikkumbura, Godunna, Haliela.', 774368943, '2004-01-30', 'BA/21/O92S001/2/0006', 'O92S001', 2, 'No');

-- --------------------------------------------------------

--
-- Table structure for table `subject`
--

DROP TABLE IF EXISTS `subject`;
CREATE TABLE IF NOT EXISTS `subject` (
  `subject_id` varchar(10) NOT NULL,
  `course_code` varchar(10) NOT NULL,
  `subject_name` varchar(100) NOT NULL,
  `type` varchar(12) NOT NULL,
  PRIMARY KEY (`subject_id`)
) ENGINE=MyISAM DEFAULT CHARSET=utf8;

--
-- Dumping data for table `subject`
--

INSERT INTO `subject` (`subject_id`, `course_code`, `subject_name`, `type`) VALUES
('RAC354', 'ECC 05', 'Refregeration & Air Conditioning (Theory)', 'Compulsory'),
('RAC355', 'ECC 05', 'Refregeration & Air Conditioning (Practical)', 'Compulsory'),
('RAC356', 'ECC 05', 'Engineering Science.', 'Compulsory'),
('RAC357', 'ECC 05', 'Mathematics.', 'Compulsory'),
('RAC358', 'ECC 05', 'Technical Drawing.', 'Compulsory'),
('RAC359', 'ECC 05', 'Communication Skills.', 'Elective'),
('BC220', 'ECC 01', 'AutoCAD', 'Compulsory'),
('BC221', 'ECC 01', 'Construction Material Specification', 'Compulsory'),
('BC222', 'ECC 01', 'Construction Site Managenent I      ', 'Compulsory'),
('BC223', 'ECC 01', 'Construction Site Managenent II', 'Compulsory'),
('BC224', 'ECC 01', 'Construction Technology', 'Compulsory'),
('BC225', 'ECC 01', 'Engineering Draughtsmanship', 'Compulsory'),
('BC226', 'ECC 01', 'English', 'Elective'),
('BC227', 'ECC 01', 'Highway Construction', 'Compulsory'),
('BC228', 'ECC 01', 'Mathematics', 'Compulsory'),
('BC229', 'ECC 01', 'Surveying & Leveling', 'Compulsory'),
('BC230', 'ECC 01', 'Water Supply & Drainage', 'Compulsory'),
('EE600', 'ECC 13', 'Trade Theory', 'Compulsory'),
('EE601', 'ECC 13', 'Trade Practical', 'Compulsory'),
('EE602', 'ECC 13', 'Mathematics.', 'Compulsory'),
('EE603', 'ECC 13', 'Engineering Science.', 'Compulsory'),
('EE604', 'ECC 13', 'Technical Drawing.', 'Compulsory'),
('EE605', 'ECC 13', 'Communication Skills.', 'Elective'),
('EE606', 'ECC 13', 'Use of Computer', 'Elective'),
('EE632', 'ECC 08', 'Electronics (Theory)', 'Compulsory'),
('EE633', 'ECC 08', 'Electronics (Practical)', 'Compulsory'),
('EE634', 'ECC 08', 'Engineering Science.', 'Compulsory'),
('EE635', 'ECC 08', 'Mathematics.', 'Compulsory'),
('EE636', 'ECC 08', 'Technical Drawing.', 'Compulsory'),
('EE637', 'ECC 08', 'Communication Skills.', 'Compulsory'),
('EE638', 'ECC 08', 'Use of Computers', 'Elective'),
('IT621', 'ECC 12', 'ICT Technician (Theory)', 'Compulsory'),
('IT622', 'ECC 12', 'ICT Technician (Practical)', 'Compulsory'),
('AM418', 'ECC 18', 'Motor Vehicle Mechanic (Theory)', 'Compulsory'),
('AM419', 'ECC 18', 'Motor Vehicle Mechanic (Practical)', 'Compulsory'),
('AM420', 'ECC 18', 'Engineering Science.', 'Compulsory'),
('AM421', 'ECC 18', 'Mathematics.', 'Compulsory'),
('AM422', 'ECC 18', 'Technical Drawing.', 'Compulsory'),
('AM423', 'ECC 18', 'Communication Skills.', 'Elective'),
('AM424', 'ECC 18', 'Use of Computers', 'Elective'),
('BC270', 'ETC 05', 'Engineering Mathematics', 'Compulsory'),
('BC271', 'ETC 05', 'Geometrical & Mechanical Drawing  ', 'Compulsory'),
('BC272', 'ETC 05', 'Mechanical & Electrical Eng. Fun:', 'Compulsory'),
('BC273', 'ETC 05', 'Building Services', 'Compulsory'),
('BC274', 'ETC 05', 'Engineering Materials', 'Compulsory'),
('BC275', 'ETC 05', 'Communication Studies', 'Compulsory'),
('BC276', 'ETC 05', 'Structural Mechanics', 'Compulsory'),
('BC277', 'ETC 05', 'Building Constructions', 'Compulsory'),
('BC278', 'ETC 05', 'Engineering Surveying', 'Compulsory'),
('BC279', 'ETC 05', 'Builders\' Quantities', 'Compulsory'),
('BC280', 'ETC 05', 'Construction Draughtsmanship', 'Compulsory'),
('BC281', 'ETC 05', 'Computer Aided Draughting (CAD)', 'Compulsory'),
('ME052', 'ECC 02', 'Gas & Arc Welding (Theory)', 'Compulsory'),
('ME053', 'ECC 02', 'Gas & Arc Welding (Practical)', 'Compulsory'),
('ME054', 'ECC 02', 'Mathematics', 'Compulsory'),
('ME055', 'ECC 02', 'Engineering Science                     ', 'Compulsory'),
('ME056', 'ECC 02', 'Communication Skills ', 'Elective'),
('ME057', 'ECC 02', 'Technical Drawing', 'Compulsory'),
('ME058', 'ECC 02', 'Use of Computers', 'Elective'),
('BC245', 'F45S007', 'Construction Drawing                               ', 'Compulsory'),
('BC246', 'F45S007', 'Construction Surveying', 'Compulsory'),
('BC247', 'F45S007', 'Construction Technology', 'Compulsory'),
('BC248', 'F45S007', 'Measurement', 'Compulsory'),
('BC249', 'F45S007', 'Estimating & Costing', 'Compulsory'),
('BC250', 'F45S007', 'Interim Valuation & Financial Account', 'Compulsory'),
('BC251', 'F45S007', 'Construction Contract & Tender Procedure', 'Compulsory'),
('BC252', 'F45S007', 'Use of Computers', 'Elective');

-- --------------------------------------------------------

--
-- Table structure for table `user`
--

DROP TABLE IF EXISTS `user`;
CREATE TABLE IF NOT EXISTS `user` (
  `id` int(11) NOT NULL AUTO_INCREMENT,
  `username` varchar(40) NOT NULL,
  `password` varchar(40) NOT NULL,
  `role` varchar(40) NOT NULL DEFAULT 'Student',
  `date` datetime NOT NULL DEFAULT CURRENT_TIMESTAMP,
  PRIMARY KEY (`id`)
) ENGINE=MyISAM AUTO_INCREMENT=2 DEFAULT CHARSET=utf8;

--
-- Dumping data for table `user`
--

INSERT INTO `user` (`id`, `username`, `password`, `role`, `date`) VALUES
(1, 'admin@tec.lk', '6526560', 'Admin', '2022-02-02 12:22:57');
COMMIT;

/*!40101 SET CHARACTER_SET_CLIENT=@OLD_CHARACTER_SET_CLIENT */;
/*!40101 SET CHARACTER_SET_RESULTS=@OLD_CHARACTER_SET_RESULTS */;
/*!40101 SET COLLATION_CONNECTION=@OLD_COLLATION_CONNECTION */;
